[
  {
    "inputs": [],
    "stateMutability": "nonpayable",
    "type": "constructor"
  },
  {
    "inputs": [
      { "internalType": "uint256", "name": "planId", "type": "uint256" }
    ],
    "name": "invest",
    "outputs": [],
    "stateMutability": "payable",
    "type": "function"
  },
  {
    "inputs": [
      { "internalType": "uint256", "name": "index", "type": "uint256" }
    ],
    "name": "withdraw",
    "outputs": [],
    "stateMutability": "nonpayable",
    "type": "function"
  },
  {
    "inputs": [
      { "internalType": "address", "name": "user", "type": "address" }
    ],
    "name": "getInvestments",
    "outputs": [
      {
        "components": [
          { "internalType": "uint256", "name": "planId", "type": "uint256" },
          { "internalType": "uint256", "name": "amount", "type": "uint256" },
          { "internalType": "uint256", "name": "startTime", "type": "uint256" },
          { "internalType": "bool", "name": "withdrawn", "type": "bool" },
          { "internalType": "bool", "name": "completed", "type": "bool" }
        ],
        "internalType": "struct NodeInvestment.Investment[]",
        "name": "",
        "type": "tuple[]"
      }
    ],
    "stateMutability": "view",
    "type": "function"
  },
  {
    "inputs": [
      { "internalType": "uint256", "name": "", "type": "uint256" }
    ],
    "name": "plans",
    "outputs": [
      { "internalType": "uint256", "name": "duration", "type": "uint256" },
      { "internalType": "uint256", "name": "roi", "type": "uint256" },
      { "internalType": "uint256", "name": "fee", "type": "uint256" }
    ],
    "stateMutability": "view",
    "type": "function"
  },
  {
    "inputs": [],
    "name": "owner",
    "outputs": [
      { "internalType": "address", "name": "", "type": "address" }
    ],
    "stateMutability": "view",
    "type": "function"
  },
  {
    "anonymous": false,
    "inputs": [
      { "indexed": true, "internalType": "address", "name": "user", "type": "address" },
      { "indexed": false, "internalType": "uint256", "name": "planId", "type": "uint256" },
      { "indexed": false, "internalType": "uint256", "name": "amount", "type": "uint256" },
      { "indexed": false, "internalType": "uint256", "name": "timestamp", "type": "uint256" }
    ],
    "name": "Invested",
    "type": "event"
  },
  {
    "anonymous": false,
    "inputs": [
      { "indexed": true, "internalType": "address", "name": "user", "type": "address" },
      { "indexed": false, "internalType": "uint256", "name": "amount", "type": "uint256" },
      { "indexed": false, "internalType": "bool", "name": "completed", "type": "bool" }
    ],
    "name": "Withdrawn",
    "type": "event"
  },
  {
    "stateMutability": "payable",
    "type": "receive"
  }
]
